Fon Kodu,Fon Adı,"Şemsiye 
Fon Türü","Uygulanan Yönetim 
Ücreti Yıllık (%)","Fon İç Tüzüğünde Yer Alan 
Yönetim Ücreti Yıllık (%)","Yıllık Net 
Getiri Oranı","Yıllık Azami Fon 
Toplam Gider Oranı%” "
FYA,İSTANBUL PORTFÖY ARK II SERBEST FON,Serbest Şemsiye Fonu,"1,5","1,5",155.83,
TCD,TACİRLER PORTFÖY DEĞIŞKEN FON,Değişken Şemsiye Fonu,"2,","2,",124.66,"3,65"
RBH,ALBARAKA PORTFÖY KATILIM HİSSE SENEDİ FONU (HİSSE SENEDİ YOĞUN FON),Hisse Senedi Şemsiye Fonu,"1,95","1,95",100.15,"3,65"
GMR,GEDİK PORTFÖY İKİNCİ HİSSE SENEDİ FONU (HİSSE SENEDİ YOĞUN FON),Hisse Senedi Şemsiye Fonu,"2,5","2,5",97.83,"3,65"
MPS,MÜKAFAT PORTFÖY KATILIM HİSSE SENEDİ FONU ( HİSSE SENEDİ YOĞUN FON ),Hisse Senedi Şemsiye Fonu,"2,37","2,37",92.77,"3,65"
OPI,OSMANLI PORTFÖY İKİNCİ HİSSE SENEDİ FONU(HİSSE SENEDİ YOĞUN FON),Hisse Senedi Şemsiye Fonu,"1,75","1,75",91.17,"3,65"
TKF,TACİRLER PORTFÖY HİSSE SENEDİ FONU (HİSSE SENEDİ YOĞUN FON),Hisse Senedi Şemsiye Fonu,"2,92","2,92",91.06,"3,65"
OPH,OSMANLI PORTFÖY BİRİNCİ HİSSE SENEDİ FONU(HİSSE SENEDİ YOĞUN FON),Hisse Senedi Şemsiye Fonu,"2,6","2,6",90.17,"3,65"
TTE,İŞ PORTFÖY BİST TEKNOLOJİ AĞIRLIKLI SINIRLAMALI ENDEKSİ HİSSE SENEDİ FONU (HİSSE SENEDİ YOĞUN FON),Hisse Senedi Şemsiye Fonu,"1,9",0,82.17,"2,19"
MAC,MARMARA CAPITAL PORTFÖY HİSSE SENEDİ FONU (HİSSE SENEDİ YOĞUN FON),Hisse Senedi Şemsiye Fonu,"1,752","1,752",79.62,"3,65"
IPJ,İŞ PORTFÖY ELEKTRİKLİ ARAÇLAR KARMA FON,Karma Şemsiye Fonu,2,0,77.93,"3,65"
FRA,AZIMUT PORTFÖY MAB SERBEST ÖZEL FON,Serbest Şemsiye Fonu,"0,3675","0,3675",74.85,
TCS,TACİRLER PORTFÖY SİRİUS SERBEST FON,Serbest Şemsiye Fonu,2,2,74.55,0
AFT,AK PORTFÖY YENİ TEKNOLOJİLER YABANCI HİSSE SENEDİ FONU,Hisse Senedi Şemsiye Fonu,"2,9","2,9",73.27,"3,65"
IAS,QİNVEST PORTFÖY MUTLAK GETİRİ HEDEFLİ HİSSE SENEDİ SERBEST FON(HİSSE SENEDİ YOĞUN FON),Serbest Şemsiye Fonu,1,1,72.96,
UPH,ÜNLÜ PORTFÖY HİSSE SENEDİ FONU(HİSSE SENEDİ YOĞUN FON),Hisse Senedi Şemsiye Fonu,"2,81","2,81",70.93,"3,65"
MPP,MEKSA PORTFÖY PRİME SERBEST FON,Serbest Şemsiye Fonu,"1,5","1,5",70.66,0
TPP,TEB PORTFÖY PUSULA SERBEST FON,Serbest Şemsiye Fonu,"1,5","1,5",66.89,
AIR,AZİMUT PORTFÖY ESİN SERBEST (DÖVİZ) ÖZEL FON,Serbest Şemsiye Fonu,"0,294","0,294",65.5,
STZ,STRATEJİ PORTFÖY HİSSE SENEDİ SERBEST FON (HİSSE SENEDİ YOĞUN FON),Serbest Şemsiye Fonu,"2,19","2,19",63.76,0
FPH,FİBA PORTFÖY HİSSE SENEDİ FONU(HİSSE SENEDİ YOĞUN FON),Hisse Senedi Şemsiye Fonu,"3,1025","3,1025",63.58,"3,65"
ZPE,ZİRAAT PORTFÖY KATILIM ENDEKSİ HİSSE SENEDİ FONU (HİSSE SENEDİ YOĞUN FON),Hisse Senedi Şemsiye Fonu,"1,825","1,825",62.59,"2,19"
DNO,DENİZ PORTFÖY NECLA SERBEST (DÖVİZ) ÖZEL FON,Serbest Şemsiye Fonu,"0,5","0,5",62.51,0
IIS,İSTANBUL PORTFÖY İKİNCİ SERBEST FON,Serbest Şemsiye Fonu,"1,5","1,5",61.39,
IPR,İŞ PORTFÖY ICARUS SERBEST ÖZEL FON,Serbest Şemsiye Fonu,"0,15",0,61.04,
YAS,YAPI KREDİ PORTFÖY KOÇ HOLDİNG İŞTİRAK VE HİSSE SENEDİ FONU(HİSSE SENEDİ YOĞUN FON),Hisse Senedi Şemsiye Fonu,"3,54999","3,55",60.03,"3,65"
ISS,İŞ PORTFÖY DEĞER SERBEST ÖZEL FON,Serbest Şemsiye Fonu,"0,25",0,59.48,
ST1,STRATEJİ PORTFÖY BİRİNCİ HİSSE SENEDİ FONU(HİSSE SENEDİ YOĞUN FON),Hisse Senedi Şemsiye Fonu,"2,993","2,993",57.31,"3,65"
YAY,YAPI KREDİ PORTFÖY YABANCI TEKNOLOJİ SEKTÖRÜ HİSSE SENEDİ FONU,Hisse Senedi Şemsiye Fonu,"3,2485","3,25",55.25,"3,65"
IPB,İSTANBUL PORTFÖY BİRİNCİ DEĞİŞKEN FON,Değişken Şemsiye Fonu,"1,2","1,2",52.67,"3,65"
OSF,OSMANLI PORTFÖY BALKAN SERBEST FON,Serbest Şemsiye Fonu,"0,3","0,3",52.39,0
YDI,YAPI KREDİ PORTFÖY İKİNCİ HİSSE SENEDİ FONU (HİSSE SENEDİ YOĞUN FON),Hisse Senedi Şemsiye Fonu,"3,44998","3,45",51.55,"3,65"
IPU,İŞ PORTFÖY AS SERBEST ÖZEL FON,Serbest Şemsiye Fonu,"0,15",0,51.1,
IPC,İŞ PORTFÖY CK SERBEST ÖZEL FON,Serbest Şemsiye Fonu,"0,15",0,49.13,
AVC,ATA PORTFÖY İKİNCİ SERBEST FONU,Serbest Şemsiye Fonu,"1,5","1,5",48.66,
SRO,AZİMUT PORTFÖY SKY SERBEST ÖZEL FON,Serbest Şemsiye Fonu,"0,168","0,168",47.8,
AFS,AK PORTFÖY SAĞLIK SEKTÖRÜ YABANCI HİSSE SENEDİ FONU,Hisse Senedi Şemsiye Fonu,"2,9","2,9",46.77,"3,65"
EID,QİNVEST PORTFÖY HİSSE SENEDİ FONU (HİSSE YOĞUN FON),Hisse Senedi Şemsiye Fonu,3,3,46.16,"3,65"
TI3,İŞ PORTFÖY İŞ BANKASI İŞTİRAKLERİ ENDEKSİ HİSSE SENEDİ FONU (HİSSE SENEDİ YOĞUN FON),Hisse Senedi Şemsiye Fonu,"1,9",0,45.99,"2,19"
GL1,AZİMUT PYŞ BİRİNCİ HİSSE SENEDİ FONU (HİSSE SENEDİ YOĞUN FON),Hisse Senedi Şemsiye Fonu,"2,701","2,701",44.7,"3,65"
GUH,GARANTİ PORTFÖY YABANCI BYF FON SEPETİ FONU,Fon Sepeti Şemsiye Fonu,"2,19","2,19",43.83,"4,38"
AAV,ATA PORTFÖY İKİNCİ HİSSE SENEDİ FONU (HİSSE SENEDİ YOĞUN FON),Hisse Senedi Şemsiye Fonu,"1,95","1,95",43.67,"3,65"
IPK,İŞ PORTFÖY KOS SERBEST ÖZEL FON,Serbest Şemsiye Fonu,"0,15",0,43.4,
DPT,DENİZ PORTFÖY BİST TEMETTÜ 25 ENDEKSİ HİSSE SENEDİ FONU ( HİSSE SENEDİ YOĞUN FON ),Hisse Senedi Şemsiye Fonu,"1,9","1,9",42.71,"2,19"
GSP,AZİMUT PYŞ KAR PAYI ÖDEYEN HİSSE SENEDİ FONU (HİSSE SENEDİ YOĞUN FON),Hisse Senedi Şemsiye Fonu,"2,701","2,701",42.62,"3,65"
GBC,AZİMUT PYŞ YABANCI BYF FON SEPETİ FONU,Fon Sepeti Şemsiye Fonu,"2,5","2,5",42.45,"4,38"
AHI,ATLAS PORTFÖY BİRİNCİ HİSSE SENEDİ FONU(HİSSE SENEDİ YOĞUN),Hisse Senedi Şemsiye Fonu,2,2,42.24,"3,65"
ACD,İSTANBUL PORTFÖY İKİNCİ DEĞİŞKEN FON,Değişken Şemsiye Fonu,"1,2","1,2",42.03,"3,65"
YPP,YAPI KREDİ PORTFÖY PY KUZGUNCUK SERBEST ÖZEL FON,Serbest Şemsiye Fonu,"0,4015","0,4",41.59,
AHZ,AZİMUT PYŞ ATAK SERBEST FON,Serbest Şemsiye Fonu,"0,2625","0,2625",41.25,
ISR,İŞ PORTFÖY BİRİNCİ SERBEST ÖZEL FON,Serbest Şemsiye Fonu,"0,25",0,41.25,
AYA,ATA PORTFÖY BİRİNCİ HİSSE SENEDİ FONU (HİSSE SENEDİ YOĞUN FON),Hisse Senedi Şemsiye Fonu,"2,8","2,8",41,"3,65"
ALC,AK PORTFÖY BİST TEMETTÜ 25 ENDEKSİ HİSSE SENEDİ FONU (HİSSE SENEDİ YOĞUN FON),Hisse Senedi Şemsiye Fonu,2,2,40.97,"2,19"
KYA,KARE PORTFÖY HİSSE SENEDİ FONU(HİSSE SENEDİ YOĞUN FON),Hisse Senedi Şemsiye Fonu,"2,92","2,92",40.76,"3,65"
ODV,AK PORTFÖY ÜÇÜNCÜ FON SEPETİ FONU,Fon Sepeti Şemsiye Fonu,"1,25","1,25",39.73,"4,38"
HVS,HSBC PORTFÖY HİSSE SENEDİ FONU (HİSSE SENEDİ YOĞUN FON),Hisse Senedi Şemsiye Fonu,"2,5","2,5",39.12,"3,65"
FRZ,AZİMUT PORTFÖY FRZ SERBEST ÖZEL FON,Serbest Şemsiye Fonu,"0,3675","0,3675",38.09,
DBG,DENİZ PORTFÖY BEYAZ SERBEST ÖZEL FONU,Serbest Şemsiye Fonu,"0,2","0,2",37.97,0
GME,GEDİK PORTFÖY EGE SERBEST ÖZEL FON,Serbest Şemsiye Fonu,"0,3","0,3",37.94,0
AFA,AK PORTFÖY  AMERİKA YABANCI HİSSE SENEDİ FONU,Hisse Senedi Şemsiye Fonu,"2,25","2,25",37.87,"3,65"
DPL,DENİZ PORTFÖY NİL SERBEST (DÖVİZ) ÖZEL FON,Serbest Şemsiye Fonu,"0,23","0,23",37.35,0
FYD,QNB FINANS PORTFÖY BIRINCI HISSE SENEDI FONU (HISSE SENEDI YOĞUN FON),Hisse Senedi Şemsiye Fonu,"0,027375","0,027375",37.35,"3,65"
HSA,HSBC PORTFÖY DEĞİŞKEN FON,Değişken Şemsiye Fonu,"2,5","2,5",36.2,"3,65"
AHV,AZİMUT PYŞ DENGELİ SERBEST FON,Serbest Şemsiye Fonu,"0,2625","0,2625",35.5,
TFF,TEB PORTFÖY YABANCI BYF FON SEPETİ FONU,Fon Sepeti Şemsiye Fonu,"2,1","2,1",35.05,"4,38"
IPA,İŞ PORTFÖY SÜTAŞ İKİNCİ SERBEST ÖZEL FON,Serbest Şemsiye Fonu,"0,12",0,34.85,"3,65"
IAF,İSTANBUL PORTFÖY ARK I SERBEST FON,Serbest Şemsiye Fonu,"1,5753","1,5753",34.17,
DAH,DENİZ PORTFÖY HİSSE SENEDİ FONU (HİSSE SENEDİ YOĞUN FON),Hisse Senedi Şemsiye Fonu,"2,92","2,92",34.09,"3,65"
YKS,YAPI KREDİ PORTFÖY İSTANBUL SERBEST FON,Serbest Şemsiye Fonu,"2,0075",2,34.06,
ACU,İSTANBUL PORTFÖY URARTU SERBEST (DÖVİZ) FON,Serbest Şemsiye Fonu,",055",0,34.03,
GMA,AZİMUT PYŞ ÇOKLU VARLIK DEĞİŞKEN FON,Değişken Şemsiye Fonu,"2,701","2,701",34,"3,65"
OKD,OYAK PORTFÖY BİRİNCİ DEĞİŞKEN FON,Değişken Şemsiye Fonu,"2,0002","2,0002",33.89,"3,65"
AED,ATA PORTFÖY BİRİNCİ DEĞİŞKEN FON,Değişken Şemsiye Fonu,"1,5","1,5",33.86,"3,65"
FID,FİBA PORTFÖY ÇOKLU VARLIK İKİNCİ DEĞİŞKEN FON,Değişken Şemsiye Fonu,"2,92","2,92",33.71,"3,65"
OPB,OSMANLI PORTFÖY BİRİNCİ DEĞİŞKEN FON,Değişken Şemsiye Fonu,"1,4","1,4",33.57,0
AII,AZİMUT PORTFÖY ÇINAR SERBEST (DÖVİZ) ÖZEL FON,Serbest Şemsiye Fonu,"0,252","0,252",32.87,
IPO,İŞ PORTFÖY ONUR SERBEST ÖZEL FON,Serbest Şemsiye Fonu,"0,2",0,32.74,
GHS,GARANTİ PORTFÖY HİSSE SENEDİ FONU (HİSSE SENEDİ YOĞUN FON),Hisse Senedi Şemsiye Fonu,"3,2","3,2",32.48,"3,65"
ARM,AK PORTFÖY İKİNCİ FON SEPETİ FONU,Fon Sepeti Şemsiye Fonu,"1,25","1,25",31.5,"4,38"
OHB,OYAK PORTFÖY BİRİNCİ HİSSE SENEDİ FONU (HİSSE SENEDİ YOĞUN FON),Hisse Senedi Şemsiye Fonu,"2,0002",0,31.46,"3,65"
AZJ,AZİMUT PYŞ STRATEJİ-1 SERBEST FON,Serbest Şemsiye Fonu,"0,2625","0,2625",31.43,
TYH,TEB PORTFÖY HİSSE SENEDİ FONU (HİSSE SENEDİ YOĞUN FON),Hisse Senedi Şemsiye Fonu,"2,75","2,75",31.32,"3,65"
TLH,AURA PORTFÖY HİSSE SENEDİ FONU (HİSSE SENEDİ YOĞUN FON),Hisse Senedi Şemsiye Fonu,"2,75","2,75",30.4,"3,65"
YHS,YAPI KREDİ PORTFÖY BİRİNCİ HİSSE SENEDİ FONU (HİSSE SENEDİ YOĞUN FON),Hisse Senedi Şemsiye Fonu,"3,44998","3,45",30.4,"3,65"
TMG,İŞ PORTFÖY YABANCI HİSSE SENEDİ FONU,Hisse Senedi Şemsiye Fonu,"2,23",0,29.54,"3,65"
ECA,GLOBAL MD PORTFÖY BİRİNCİ DEĞİŞKEN FON,Değişken Şemsiye Fonu,"1,94","1,94",29.31,"3,65"
YAN,YAPI KREDİ PORTFÖY BİRİNCİ FON SEPETİ FONU,Fon Sepeti Şemsiye Fonu,3,3,29.3,"4,38"
YPF,YAPI KREDİ PORTFÖY YEDİTEPE SERBEST FON,Serbest Şemsiye Fonu,"2,0075","2,",28.79,
ACC,İSTANBUL PORTFÖY DÖRDÜNCÜ HİSSE SENEDİ FONU (HİSSE SENEDİ YOĞUN),Hisse Senedi Şemsiye Fonu,"2,56","2,56",28.72,"3,65"
FYM,AZİMUT PORTFÖY ÜÇÜNCÜ SERBEST (DÖVİZ) FON,Serbest Şemsiye Fonu,1,1,28.66,
FYH,AZİMUT PYŞ SERBEST ( DÖVİZ ) FON,Serbest Şemsiye Fonu,"0,525","0,525",27.79,
DDE,DENİZ PORTFÖY BADE SERBEST (DÖVİZ) ÖZEL FON,Serbest Şemsiye Fonu,"0,75",1,27.75,0
TPR,İŞ PORTFÖY PY HİSSE SENEDİ ÖZEL FONU (HİSSE SENEDİ YOĞUN FON),Hisse Senedi Şemsiye Fonu,"0,5",0,27.6,"3,65"
MPN,MÜKAFAT PORTFÖY İKİNCİ AKTİF SERBEST (DÖVİZ) FON,Serbest Şemsiye Fonu,"0,7","0,7",27.41,0
KTM,KT PORTFÖY BİRİNCİ KATILIM FONU,Katılım Şemsiye Fonu,"2,1","2,1",27.27,"3,65"
IIP,İSTANBUL PORTFÖY ARİES SERBEST FON,Serbest Şemsiye Fonu,"1,5","1,5",27.26,
KUB,KARE PORTFÖY DEĞİŞKEN  (DÖVİZ) FONU,Değişken Şemsiye Fonu,"1,46","1,46",27.11,"3,65"
SPE,AZIMUT PORTFÖY 5.0 SERBEST (DÖVIZ) FON,Serbest Şemsiye Fonu,"0,525","0,525",26.95,
RBA,ALBARAKA PORTFÖY ALTIN KATILIM FONU,Katılım Şemsiye Fonu,1,1,26.66,"2,19"
FVS,QNB FİNANS PORTFÖY VİZYON SERBEST (DÖVİZ) ÖZEL FON,Serbest Şemsiye Fonu,"0,005","0,005",26.54,0
AAS,ATA PORTFÖY FON SEPETİ SERBEST FONU,Serbest Şemsiye Fonu,"1,5","1,5",26.43,
TLZ,ATA PORTFÖY ANALİZ HİSSE SENEDİ FONU (HİSSE SENEDİ YOĞUN FON),Hisse Senedi Şemsiye Fonu,"2,25","2,25",26.39,"3,65"
GTA,GARANTİ PORTFÖY ALTIN FONU,Kıymetli Madenler Şemsiye Fonu,"1,95","1,95",26.38,"2,19"
GBG,GEDİK PORTFÖY G-20 ÜLKELERİ YABANCI HİSSE SENEDİ FONU,Hisse Senedi Şemsiye Fonu,"2,5","2,5",26.23,"3,65"
YKT,YAPI KREDİ PORTFÖY ALTIN FONU,Kıymetli Madenler Şemsiye Fonu,"2,0075","2,01",26.18,"2,19"
ACK,İSTANBUL PORTFÖY HİSSE SENEDİ FONU(HİSSE SENEDİ YOĞUN FON),Hisse Senedi Şemsiye Fonu,"1,2","1,2",26.13,"3,65"
DSD,DENİZ PORTFÖY İKİNCİ SERBEST (DÖVİZ) FON,Serbest Şemsiye Fonu,1,1,26.08,0
SUC,ÜNLÜ PORTFÖY ÜÇÜNCÜ DEĞIŞKEN FON,Değişken Şemsiye Fonu,"1,4","1,4",26.04,"3,65"
FIB,FİBA PORTFÖY ALTIN FONU,Kıymetli Madenler Şemsiye Fonu,"1,00375","1,00375",25.92,"2,19"
HBF,HSBC PORTFÖY ALTIN FONU,Kıymetli Madenler Şemsiye Fonu,"1,8","1,8",25.91,"2,19"
DBA,DENİZ PORTFÖY ALTIN FONU,Kıymetli Madenler Şemsiye Fonu,2,2,25.9,"2,19"
YAC,YAPI KREDİ PORTFÖY İKİNCİ FON SEPETİ FONU,Fon Sepeti Şemsiye Fonu,3,3,25.75,"4,38"
TTA,İŞ PORTFÖY ALTIN FONU,Kıymetli Madenler Şemsiye Fonu,"1,9",0,25.74,"2,19"
DPV,DENİZ PORTFÖY ENDA SERBEST ÖZEL FON,Serbest Şemsiye Fonu,"0,5","0,5",25.63,0
OPD,OSMANLI PORTFÖY ANKA SERBEST FON,Serbest Şemsiye Fonu,"1,4","1,4",25.61,0
TDB,TEB PORTFÖY BOĞAZİÇİ SERBEST (DÖVİZ) FON,Serbest Şemsiye Fonu,"1,","1,",25.6,
AFO,AK PORTFÖY ALTIN FONU,Kıymetli Madenler Şemsiye Fonu,"2,04","2,04",25.5,"2,19"
ICF,ICBC TURKEY PORTFÖY HİSSE SENEDİ FONU(HİSSE SENEDİ YOĞUN FON),Hisse Senedi Şemsiye Fonu,2,2,25.45,"3,65"
FUP,QNB FİNANS PORTFÖY BAYSAN SERBEST (DÖVİZ) ÖZEL FON,Serbest Şemsiye Fonu,"0,005","0,005",25.06,0
TUA,TEB PORTFÖY ALTIN FONU,Kıymetli Madenler Şemsiye Fonu,"1,83","1,83",24.99,"2,19"
GDS,GARANTİ PORTFÖY DÖRDÜNCÜ SERBEST (DÖVİZ) FON,Serbest Şemsiye Fonu,1,1,24.9,0
ARL,AK PORTFÖY BİRİNCİ FON SEPETİ FONU,Fon Sepeti Şemsiye Fonu,"1,25","1,25",24.86,"4,38"
IPP,PERFORM PORTFÖY BIRINCI SERBEST FON,Serbest Şemsiye Fonu,"2,","2,",24.86,
ICA,ICBC TURKEY PORTFÖY ALTIN FONU,Kıymetli Madenler Şemsiye Fonu,"1,75","1,75",24.85,"2,19"
YSF,YAPI KREDİ PORTFÖY DRAGOS SERBEST  FON,Serbest Şemsiye Fonu,2,2,24.84,
YMM,YAPI KREDİ PORTFÖY EMİRGAN SERBEST (DÖVİZ) FON,Serbest Şemsiye Fonu,1,2,24.83,
HOY,HSBC PORTFÖY YABANCI BYF FON SEPETI,Fon Sepeti Şemsiye Fonu,"2,008","2,008",24.73,"4,38"
TZD,ZİRAAT PORTFÖY HİSSE SENEDİ FONU (HİSSE SENEDİ YOĞUN FON),Hisse Senedi Şemsiye Fonu,"2,2484","2,2484",24.73,"3,65"
TCA,ZİRAAT PORTFÖY ALTIN KATILIM FONU,Katılım Şemsiye Fonu,"1,00375","1,00375",24.69,"2,19"
TI2,İŞ PORTFÖY HİSSE SENEDİ FONU (HİSSE SENEDİ YOĞUN FON),Hisse Senedi Şemsiye Fonu,"3,36",0,24.68,"3,65"
APP,AK PORTFÖY P1 SERBEST ÖZEL FON,Serbest Şemsiye Fonu,"0,2","0,2",24.53,
PRF,AZİMUT PORTFÖY IRF SERBEST (DÖVİZ) ÖZEL FON,Serbest Şemsiye Fonu,"0,2625","0,2625",24.51,
PUD,AK PORTFÖY AKY SERBEST (DÖVİZ) ÖZEL FON,Serbest Şemsiye Fonu,"0,5","0,5",24.35,
GPL,GARANTİ PORTFÖY BİRİNCİ SERBEST ÖZEL FON,Serbest Şemsiye Fonu,"0,25","0,25",24.28,0
IID,İŞ PORTFÖY İKİNCİ SERBEST (DÖVİZ) FON,Serbest Şemsiye Fonu,0,1,24.28,
DPC,DENİZ PORTFÖY FRS SERBEST (DÖVİZ) ÖZEL FON,Serbest Şemsiye Fonu,"0,3","0,3",24.22,0
DPG,DENİZ PORTFÖY ESMER SERBEST (DÖVİZ) ÖZEL FON,Serbest Şemsiye Fonu,"0,4","0,4",24.17,0
FPE,FİBA PORTFÖY EUROBOND BORÇLANMA ARAÇLARI (DÖVİZ)FONU,Borçlanma Araçları Şemsiye Fonu,"1,095","1,095",24.17,"3,65"
FYB,AZİMUT PYŞ EB SERBEST ( DÖVİZ ) ÖZEL FON,Serbest Şemsiye Fonu,"0,315","0,315",24.15,
YYB,YAPI KREDİ PORTFÖY BEBEK SERBEST (DÖVİZ) FON,Serbest Şemsiye Fonu,1,"1,8",23.91,
SPG,AZİMUT PORTFÖY BEG SERBEST ÖZEL FON,Serbest Şemsiye Fonu,"0,2625","0,2625",23.75,
SPD,AZIMUT PORTFÖY BEG SERBEST (DÖVIZ) ÖZEL FON,Serbest Şemsiye Fonu,"0,2625","0,2625",23.7,
YRO,YAPI KREDİ PORTFÖY ODEABANK SERBEST (DÖVİZ)ÖZEL FON,Serbest Şemsiye Fonu,"1,1","1,1",23.65,
PBB,AZİMUT PORTFÖY BB SERBEST (DÖVİZ) ÖZEL FON,Serbest Şemsiye Fonu,"0,2625","0,2625",23.57,
AN1,STRATEJİ PORTFÖY BİRİNCİ DEĞİŞKEN FON,Değişken Şemsiye Fonu,3,3,23.57,"3,65"
DZE,DENİZ PORTFÖY BIST 100 ENDEKSİ HİSSE SENEDİ FONU(HİSSE SENEDİ YOĞUN FON),Hisse Senedi Şemsiye Fonu,"1,9","1,9",23.46,"2,19"
DPE,DENİZ PORTFÖY EGE SERBEST (DÖVİZ) ÖZEL FON,Serbest Şemsiye Fonu,"0,25","0,25",23.36,0
IYS,İŞ PORTFÖY SÜTAŞ SERBEST ÖZEL FON,Serbest Şemsiye Fonu,"0,12",0,23.36,
TAO,TEB PORTFÖY ALARKO GRUBU DEĞİŞKEN ÖZEL FON,Değişken Şemsiye Fonu,"0,5","0,5",23.28,"3,65"
YRF,YAPI KREDİ PORTFÖY ODEABANK İKİNCİ SERBEST(DÖVİZ)ÖZEL FON,Serbest Şemsiye Fonu,"1,6",2,23.22,
KZL,KT PORTFÖY KIZILAY'A DESTEK ALTIN KATILIM FONU,Katılım Şemsiye Fonu,2,2,22.87,"2,19"
DSM,DENİZ PORTFÖY MERT SERBEST (DÖVİZ) ÖZEL FON,Serbest Şemsiye Fonu,1,1,22.84,0
DPN,DENİZ PORTFÖY NEVA SERBEST (DÖVİZ) ÖZEL FON,Serbest Şemsiye Fonu,"0,4","0,4",22.76,0
TGE,İŞ PORTFÖY EMTIA YABANCI BYF FON SEPETI FONU,Fon Sepeti Şemsiye Fonu,"2,96",0,22.71,"4,38"
KSY,YAPI KREDİ PORTFÖY PY KANDİLLİ SERBEST ÖZEL FON,Serbest Şemsiye Fonu,"1,5","1,5",22.62,
DBH,DENİZ PORTFÖY EUROBOND (DÖVİZ) BORÇLANMA ARAÇLARI FONU,Borçlanma Araçları Şemsiye Fonu,1,1,22.54,"3,65"
YTD,YAPI KREDİ PORTFÖY YABANCI FON SEPETİ FONU,Fon Sepeti Şemsiye Fonu,"2,0075","2,",22.46,"4,38"
IBD,İŞ PORTFÖY BAYRAKTARLAR HOLDİNG DEĞİŞKEN ÖZEL FON,Değişken Şemsiye Fonu,"0,11",0,22.41,"3,65"
GSG,AZİMUT PORTFÖY GÜREL SERBEST (DÖVİZ) ÖZEL FON,Serbest Şemsiye Fonu,"0,525","0,525",22.13,
TPE,İŞ PORTFÖY PY EUROBOND BORÇLANMA ARAÇLARI (DÖVİZ) ÖZEL FONU,Borçlanma Araçları Şemsiye Fonu,"0,2",0,21.93,"3,65"
DAT,DENİZ PORTFÖY ARMUT SERBEST (DÖVİZ) ÖZEL FON,Serbest Şemsiye Fonu,"0,5","0,5",21.92,0
IDD,LOGOS PORTFÖY DİNAMİK DAĞIMLI SERBEST FON,Serbest Şemsiye Fonu,"1,0512","1,0512",21.88,
TCC,TACİRLER PORTFÖY SERBEST ( DÖVİZ ) FON,Serbest Şemsiye Fonu,"1,25","1,25",21.86,0
DPP,DENİZ PORTFÖY HLC SERBEST (DÖVİZ) ÖZEL FON,Serbest Şemsiye Fonu,"0,5","0,5",21.7,0
DDS,DENİZ PORTFÖY DAMLA SERBEST ÖZEL FON,Serbest Şemsiye Fonu,"0,23","0,23",21.66,0
EIB,QİNVEST PORTFÖY DEĞİŞKEN FON,Değişken Şemsiye Fonu,"1,18625","1,18625",21.64,"3,65"
EBD,GLOBAL MD PORTFÖY İKİNCİ DEĞİŞKEN FON,Değişken Şemsiye Fonu,"1,94","1,94",21.52,"3,65"
YAR,İŞ PORTFÖY RESAN DEĞİŞKEN ÖZEL FON,Değişken Şemsiye Fonu,"0,5",0,21.35,"3,65"
IPV,İŞ PORTFÖY EUROBOND BORÇLANMA ARAÇLARI (DÖVİZ) FONU,Borçlanma Araçları Şemsiye Fonu,1,0,21.32,"3,65"
AK3,AK PORTFÖY HİSSE SENEDİ FONU (HİSSE SENEDİ YOĞUN FON),Hisse Senedi Şemsiye Fonu,"3,4","3,4",21.24,"3,65"
DCP,DENİZ PORTFÖY CÖMERT SERBEST (DÖVİZ) ÖZEL FON,Serbest Şemsiye Fonu,"0,5","0,5",21.18,0
YPK,YAPI KREDİ PORTFÖY GALATA SERBEST FON,Serbest Şemsiye Fonu,"0,79935","0,8",21.1,
SUA,ÜNLÜ PORTFÖY BİRİNCİ DEĞİŞKEN FON,Değişken Şemsiye Fonu,"1,79","1,79",21.04,"3,65"
FFS,FİBA PORTFÖY SERBEST (DÖVİZ) FON,Serbest Şemsiye Fonu,"0,993","0,993",20.9,0
AIG,AZİMUT PORTFÖY İA SERBEST ÖZEL FON,Serbest Şemsiye Fonu,"0,6","0,6",20.81,"3,65"
AKE,AK PORTFÖY EUROBOND (AMERİKAN DOLARI) BORÇLANMA ARAÇLARI FONU,Borçlanma Araçları Şemsiye Fonu,2,2,20.8,"3,65"
HPD,HSBC PORTFÖY ÇOKLU VARLIK İKİNCİ DEĞİŞKEN FON,Değişken Şemsiye Fonu,"1,533","1,533",20.72,"3,65"
FNO,QNB FINANS PORTFÖY BIRINCI DEĞIŞKEN FON,Değişken Şemsiye Fonu,"2,0075","2,0075",20.6,"3,65"
AZV,AZİMUT PYŞ BKS SERBEST ÖZEL FON,Serbest Şemsiye Fonu,"0,21","0,21",20.54,
YOA,YAPI KREDİ PORTFÖY PY BORÇLANMA ARAÇLARI (DÖVİZ) ÖZEL FONU,Borçlanma Araçları Şemsiye Fonu,"0,5","0,5",20.53,"3,65"
DAI,DENİZ PORTFÖY ARTI SERBEST (DÖVİZ) ÖZEL FON,Serbest Şemsiye Fonu,"0,5","0,5",20.33,0
TZC,ZİRAAT PORTFÖY BÜYÜYEN ÇOCUKLARA YÖNELİK DEĞİŞKEN ÖZEL FON,Değişken Şemsiye Fonu,"1,46","1,46",20.2,"3,65"
TPC,TEB PORTFÖY BİRİNCİ FON SEPETİ FONU,Fon Sepeti Şemsiye Fonu,"0,5","0,5",20.18,"4,38"
DPA,DENİZ PORTFÖY ARSLAN SERBEST (DÖVİZ) ÖZEL FON,Serbest Şemsiye Fonu,1,1,20.02,0
AAK,ATA PORTFÖY ÇOKLU VARLIK DEĞİŞKEN FON,Değişken Şemsiye Fonu,"1,75","1,75",19.91,"3,65"
GAF,GEDİK PORTFÖY BİRİNCİ HİSSE SENEDİ FONU (HİSSE SENEDİ YOĞUN FON),Hisse Senedi Şemsiye Fonu,"2,5","2,5",19.8,"3,65"
EIC,QİNVEST PORTFÖY İKİNCİ DEĞİŞKEN FONU,Değişken Şemsiye Fonu,"1,1826","1,1826",19.56,"3,65"
AOY,AK PORTFÖY ALTERNATİF ENERJİ YABANCI HİSSE SENEDİ FONU,Hisse Senedi Şemsiye Fonu,"2,9","2,9",19.53,"3,65"
FYI,AZİMUT PORTFÖY 4.0 SERBEST FON,Serbest Şemsiye Fonu,"1,575","1,575",19.5,
SPN,AZIMUT PORTFÖY PİYASA NÖTR SERBEST FON,Serbest Şemsiye Fonu,"1,785","1,785",19.49,
FUB,QNB FINANS PORTFÖY EUROBOND BORÇLANMA ARAÇLARI FONU,Borçlanma Araçları Şemsiye Fonu,"0,74825","0,74825",19.36,"3,65"
KRF,KARE PORTFÖY BİRİNCİ DEĞİŞKEN FON,Değişken Şemsiye Fonu,"1,46","1,46",19.32,"3,65"
GSE,AZİMUT PORTFÖY 7.0 SERBEST (DÖVİZ) FON,Serbest Şemsiye Fonu,"0,525","0,525",19.22,
KRT,KARE PORTFÖY TÜRKİYE ODAKLI SERBEST (DÖVİZ ) FON,Serbest Şemsiye Fonu,"1,095","1,095",19.2,0
IBR,AZİMUT PYŞ MUTLAK GETİRİ HEDEFLİ SERBEST FON,Serbest Şemsiye Fonu,"1,575","1,575",19.13,
AHN,ATLAS PORTFÖY SERBEST(DÖVİZ)FON,Serbest Şemsiye Fonu,"1,5","1,5",18.96,0
ZPC,ZİRAAT PORTFÖY FON SEPETİ FONU,Fon Sepeti Şemsiye Fonu,"0,073","0,073",18.69,"4,38"
YPL,YAPI KREDİ PORTFÖY BALAT SERBEST (DÖVİZ) FON,Serbest Şemsiye Fonu,"0,803","0,8",18.68,
GPI,GARANTİ PORTFÖY İKİNCİ DEĞİŞKEN FON,Değişken Şemsiye Fonu,"1,9","1,9",18.62,"3,65"
AJL,AK PORTFÖY BEŞİNCİ SERBEST (DÖVIZ) FON,Serbest Şemsiye Fonu,"1,1","1,1",18.47,
AJK,AK PORTFÖY İKINCI SERBEST (DÖVIZ) FON,Serbest Şemsiye Fonu,"0,9","0,9",18.4,
GAS,GARANTİ PORTFÖY ÜÇÜNCÜ SERBEST(DÖVİZ) FON,Serbest Şemsiye Fonu,"1,","1,",18.24,0
UPS,ÜNLÜ PORTFÖY BEŞİNCİ SERBEST (DÖVİZ) ÖZEL FON,Serbest Şemsiye Fonu,"1,85","1,85",18.12,
EC2,GLOBAL MD PORTFÖY BİRİNCİ HİSSE SENEDİ FONU(HİSSE SENEDİ YOĞUN FON),Hisse Senedi Şemsiye Fonu,"2,74","2,74",18.1,"3,65"
STS,STRATEJİ PORTFÖY BİRİNCİ SERBEST (DÖVİZ) FON,Serbest Şemsiye Fonu,"0,73",0,18.06,0
YBE,YAPI KREDİ PORTFÖY EUROBOND (DOLAR) BORÇLANMA ARAÇLARI FONU,Borçlanma Araçları Şemsiye Fonu,3,3,18,"3,65"
IBB,İŞ PORTFÖY ÜÇÜNCÜ DEĞİŞKEN FON,Değişken Şemsiye Fonu,2,0,17.92,"3,65"
TDG,İŞ PORTFÖY YABANCI BORÇLANMA ARAÇLARI FONU,Borçlanma Araçları Şemsiye Fonu,"1,5",0,17.91,"3,65"
ACN,İSTANBUL PORTFÖY LİDYA SERBEST (DÖVİZ) FON,Serbest Şemsiye Fonu,"0,958",0,17.81,
ICC,ICBC TURKEY PORTFÖY İKİNCİ DEĞİŞKEN FON,Değişken Şemsiye Fonu,2,2,17.78,"3,65"
DSP,DENİZ PORTFÖY BİRİNCİ FON SEPETİ FONU,Fon Sepeti Şemsiye Fonu,"0,25","0,25",17.69,"4,38"
HDB,HSBC PORTFÖY BİRİNCİ SERBEST (DÖVİZ) FON,Serbest Şemsiye Fonu,1,1,17.54,
TPJ,TEB PORTFÖY BİRİNCİ SERBEST (DÖVİZ) FON,Serbest Şemsiye Fonu,1,1,17.5,
DPB,DENİZ PORTFÖY SERBEST (DÖVİZ) FON,Serbest Şemsiye Fonu,1,1,17.47,0
ANZ,ATA PORTFÖY DÖRDÜNCÜ SERBEST (DÖVİZ) FON,Serbest Şemsiye Fonu,"0,75","0,75",17.42,
GPA,GARANTİ PORTFÖY EUROBOND BORÇLANMA ARAÇLARI (DÖVİZ) FONU,Borçlanma Araçları Şemsiye Fonu,"1,25","1,25",17.41,"3,65"
YAK,YAPI KREDİ PORTFÖY KARMA FON,Karma Şemsiye Fonu,"2,75","2,75",17.31,"3,65"
TLE,AURA PORTFÖY YABANCI BORÇLANMA ARAÇLARI FONU,Borçlanma Araçları Şemsiye Fonu,"1,95","1,95",17.28,"3,65"
FYG,AZİMUT PORTFÖY ÖPY SERBEST ( DÖVİZ ) ÖZEL FON,Serbest Şemsiye Fonu,"0,525","0,525",17.22,
TKK,İŞ PORTFÖY KUMBARA HESABI KARMA ÖZEL FON,Karma Şemsiye Fonu,"2,74",0,17.11,"3,65"
GPU,GARANTİ PORTFÖY ÜÇÜNCÜ DEĞİŞKEN FON,Değişken Şemsiye Fonu,"1,9","1,9",17.08,"3,65"
ICS,ICBC TURKEY PORTFÖY SERBEST (DÖVİZ) FON,Serbest Şemsiye Fonu,1,1,16.78,0
AGC,AK PORTFÖY AGI DEĞİŞKEN FON,Değişken Şemsiye Fonu,"1,5","1,5",16.77,"3,65"
TPV,AURA PORTFÖY İKİNCİ DEĞİŞKEN FON,Değişken Şemsiye Fonu,"2,6","2,6",16.77,"3,65"
OBP,OYAK PORTFÖY İKİNCİ DEĞİŞKEN FON,Değişken Şemsiye Fonu,"2,518","2,518",16.75,"3,65"
GKS,GEDİK PORTFÖY İKİNCİ SERBEST FON,Serbest Şemsiye Fonu,"1,5","1,5",16.64,0
TNI,TEB PORTFÖY ING BANK ÖZEL BANKACILIK VE PLATİNUM DEĞİŞKEN ÖZEL FON,Değişken Şemsiye Fonu,"2,5","2,5",16.63,"3,65"
KRS,KARE PORTFÖY SERBEST (DÖVİZ) FON,Serbest Şemsiye Fonu,"1,095","1,095",16.62,0
OSD,OSMANLI PORTFÖY ÖZEL SEKTÖR BORÇLANMA ARAÇLARI FONU,Borçlanma Araçları Şemsiye Fonu,"0,74","0,74",16.59,"3,65"
GSO,GARANTİ PORTFÖY ÖPY SERBEST ÖZEL FON,Serbest Şemsiye Fonu,"0,25","0,25",16.51,0
TDP,TEB PORTFÖY İKİNCİ SERBEST (DÖVİZ) FON,Serbest Şemsiye Fonu,"1,25","1,25",16.51,
GPB,GARANTİ PORTFÖY BİRİNCİ DEĞİŞKEN FON,Değişken Şemsiye Fonu,"1,5","1,5",16.49,"3,65"
AVZ,AK PORTFÖY SERBEST ( DÖVİZ ) FONU,Serbest Şemsiye Fonu,"0,8","0,8",16.48,
SBS,STRATEJİ PORTFÖY BAŞAK SERBEST (DÖVİZ) ÖZEL FON,Serbest Şemsiye Fonu,1,1,16.48,0
AJN,AK PORTFÖY DÖRDÜNCÜ SERBEST (DÖVIZ) FON,Serbest Şemsiye Fonu,"1,1","1,1",16.45,
TPZ,TEB PORTFÖY KİRA SERTİFİKALARI (DÖVİZ) KATILIM FONU,Katılım Şemsiye Fonu,"1,05","1,05",16.35,"3,65"
GAK,GEDİK PORTFÖY KARMA FON,Karma Şemsiye Fonu,"2,5","2,5",16.21,"3,65"
ODS,OYAK PORTFÖY İKİNCİ SERBEST(DÖVİZ) FON,Serbest Şemsiye Fonu,"1,022","1,022",16.14,
FFO,QNB FİNANS PORTFÖY SER SERBEST (DÖVİZ) ÖZEL FON,Serbest Şemsiye Fonu,"0,5","0,5",16.13,0
AFV,AK PORTFÖY  AVRUPA YABANCI HİSSE SENEDİ FONU,Hisse Senedi Şemsiye Fonu,"2,25","2,25",15.96,"3,65"
INH,GARANTİ PORTFÖY ING BANK ÖZEL BANKACILIK VE PLATİNUM DEĞİŞKEN ÖZEL FON,Değişken Şemsiye Fonu,"2,5","2,5",15.95,"3,65"
TIP,TEB PORTFÖY ING BANK ÖZEL BANKACILIK VE PLATİNUM SERBEST (DÖVİZ) ÖZEL FON,Serbest Şemsiye Fonu,"1,3","1,3",15.92,
SPA,AZIMUT PORTFÖY 6.0 SERBEST (DÖVIZ) FON,Serbest Şemsiye Fonu,"0,525","0,525",15.83,
IDF,İŞ PORTFÖY SERBEST (DÖVİZ) FON,Serbest Şemsiye Fonu,1,0,15.83,
ZPF,ZİRAAT PORTFÖY KATILIM FONU (DÖVİZ),Katılım Şemsiye Fonu,"1,00375","1,00375",15.76,"3,65"
IBC,İŞ PORTFÖY CENOVA SERBEST ÖZEL FON,Serbest Şemsiye Fonu,"0,4",0,15.73,
DPZ,DENİZ PORTFÖY YAZ SERBEST (DÖVİZ) ÖZEL FON,Serbest Şemsiye Fonu,"0,5","0,5",15.66,0
UPD,ÜNLÜ PORTFÖY DÖRDÜNCÜ SERBEST FON,Serbest Şemsiye Fonu,"1,25","1,25",15.63,0
PUT,AK PORTFÖY ÖPY BEŞİNCİ SERBEST ÖZEL FON,Serbest Şemsiye Fonu,"0,15","0,15",15.59,
GAH,GARANTİ PORTFÖY MUTLAK GETİRİ HEDEFLİ DEĞİŞKEN FON,Değişken Şemsiye Fonu,"2,5","2,5",15.3,"3,65"
GPG,GEDİK PORTFÖY BİRİNCİ DEĞİŞKEN FON,Değişken Şemsiye Fonu,"2,28","2,28",15.19,"3,65"
IDY,TEB PORTFÖY İKİNCİ DEĞİŞKEN FON,Değişken Şemsiye Fonu,"2,5","2,5",15.13,"3,65"
GSM,GEDİK PORTFÖY SİLVER CAPİTAL SERBEST ÖZEL FON,Serbest Şemsiye Fonu,"0,282","0,282",15.09,0
TI7,İŞ PORTFÖY İKİNCİ DEĞİŞKEN FON,Değişken Şemsiye Fonu,2,0,15.06,"3,65"
GAN,GEDİK PORTFÖY ALFON SERBEST FON,Serbest Şemsiye Fonu,"0,5","0,5",14.71,0
SUB,ÜNLÜ PORTFÖY İKİNCİ DEĞİŞKEN FON,Değişken Şemsiye Fonu,"1,28","1,28",14.68,"3,65"
AZF,AK PORTFÖY PY ÖZEL SEKTÖR BORÇLANMA ARAÇLARI ÖZEL FONU,Borçlanma Araçları Şemsiye Fonu,"0,25","0,25",14.61,"3,65"
GAG,GEDİK PORTFÖY BİRİNCİ SERBEST (DÖVIZ)  FON,Serbest Şemsiye Fonu,1,1,14.57,"3,65"
GLS,AZİMUT PYŞ KİRA SERTİFİKALARI (SUKUK) KATILIM FONU,Katılım Şemsiye Fonu,"1,5","1,5",14.53,"3,65"
IMY,İŞ PORTFÖY SKYLARK SERBEST (DÖVİZ) ÖZEL FON,Serbest Şemsiye Fonu,"0,3",0,14.46,
PUR,AK PORTFÖY ÖPY DÖRDÜNCÜ SERBEST ÖZEL FON,Serbest Şemsiye Fonu,"1,4","1,4",14.41,
FCV,FİBA PORTFÖY ÇOKLU VARLIK BİRİNCİ DEĞİŞKEN FON,Değişken Şemsiye Fonu,"1,3687","1,3687",14.39,"3,65"
FPZ,QNB FİNANS PORTFÖY BİRİNCİ SERBEST (DÖVİZ) FON,Serbest Şemsiye Fonu,"0,95","0,95",14.38,0
YDP,YAPI KREDİ PORTFÖY PY ÜÇÜNCÜ DEĞİŞKEN ÖZEL FON,Değişken Şemsiye Fonu,"0,20075","0,2",14.17,"3,65"
MPD,MÜKAFAT PORTFÖY KATILIM AKTIF SERBEST (DÖVIZ) FON,Serbest Şemsiye Fonu,"0,5","0,5",14.13,0
TPL,TEB PORTFÖY EUROBOND (DÖVİZ) BORÇLANMA ARAÇLARI FONU,Borçlanma Araçları Şemsiye Fonu,"1,25","1,25",14.06,"3,65"
APJ,AK PORTFÖY DÖRDÜNCÜ FON SEPETİ FONU,Fon Sepeti Şemsiye Fonu,1,1,14,"4,38"
AJE,AK PORTFÖY ÜÇÜNCÜ SERBEST ( DÖVİZ ) FON,Serbest Şemsiye Fonu,0,"1,1",13.95,
KRC,KARE PORTFÖY BİRİNCİ BORÇLANMA ARAÇLARI FONU,Borçlanma Araçları Şemsiye Fonu,"1,46","1,46",13.74,"3,65"
PUC,AK PORTFÖY ÖPY ÜÇÜNCÜ SERBEST ÖZEL FON,Serbest Şemsiye Fonu,2,2,13.71,
AHU,ATLAS PORTFÖY BİRİNCİ ÖZEL SEKTÖR BORÇLANMA ARAÇLARI FONU,Borçlanma Araçları Şemsiye Fonu,"1,4","1,4",13.63,"3,65"
IPE,İŞ PORTFÖY ANADOLU SİGORTA SERBEST ÖZEL FON,Serbest Şemsiye Fonu,"0,25",0,13.63,
SSO,AK PORTFÖY AK SANDIK SERBEST ÖZEL FON,Serbest Şemsiye Fonu,"0,11","0,11",13.17,
TE3,TEB PORTFÖY MUTLAK GETİRİ HEDEFLİ DEĞİŞKEN FON,Değişken Şemsiye Fonu,"1,65","1,65",13.14,"3,65"
OYT,OYAK PORTFÖY BİRİNCİ SERBEST FON,Serbest Şemsiye Fonu,"0,5475","0,5475",13.13,
IMH,İŞ PORTFÖY ANADOLU HAYAT EMEKLİLİK SERBEST ÖZEL FON,Serbest Şemsiye Fonu,"0,25",0,12.92,
OTK,OYAK PORTFÖY BİRİNCİ KATILIM SERBEST FON,Serbest Şemsiye Fonu,"2,0075","2,0075",12.92,
GTF,AZİMUT PYŞ BİRİNCİ BORÇLANMA ARAÇLARI FONU,Borçlanma Araçları Şemsiye Fonu,"1,825","1,825",12.78,"3,65"
YBP,YAPI KREDİ PORTFÖY PY BİRİNCİ DEĞİŞKEN ÖZEL FON,Değişken Şemsiye Fonu,"0,10001","0,1",12.75,"3,65"
IYB,AURA PORTFÖY DEĞİŞKEN FONU,Değişken Şemsiye Fonu,"1,6","1,6",12.74,"3,65"
MPK,MÜKAFAT PORTFÖY KİRA SERTİFİKASI KATILIM FONU,Katılım Şemsiye Fonu,"1,64","1,64",12.63,"3,65"
TKD,TEB PORTFÖY PY İKİNCİ DEĞİŞKEN ÖZEL FON,Değişken Şemsiye Fonu,"0,5","0,5",12.58,"3,65"
ARF,AK PORTFÖY ÖPY İKİNCİ SERBEST ÖZEL FON,Serbest Şemsiye Fonu,"0,7","0,7",12.51,"3,65"
HOA,HSBC PORTFÖY ÇOKLU VARLIK ÜÇÜNCÜ DEĞİŞKEN FON,Değişken Şemsiye Fonu,"1,752","1,752",12.51,"3,65"
AIM,AK PORTFÖY MİMKA SERBEST ÖZEL FON,Serbest Şemsiye Fonu,"0,24","0,24",12.46,
HBU,HSBC PORTFÖY BİST 30 ENDEKSİ HİSSE SENEDİ FONU (HİSSE SENEDİ YOĞUN FON),Hisse Senedi Şemsiye Fonu,1,1,12.44,"2,19"
TPO,İŞ PORTFÖY PY ÖZEL SEKTÖR BORÇLANMA ARAÇLARI ÖZEL FONU,Borçlanma Araçları Şemsiye Fonu,"0,2",0,12.44,"3,65"
GBN,GARANTİ PORTFÖY BEŞİNCİ SERBEST FON,Serbest Şemsiye Fonu,"0,5","0,5",12.38,0
GMP,GARANTİ PORTFÖY GM SERBEST (DÖVİZ) ÖZEL FON,Serbest Şemsiye Fonu,"0,23","0,23",12.33,0
OGF,OYAK PORTFÖY OYAK ÜYELERI İLE ÇALIŞANLARıNA YÖNELİK BORÇLANMA ARAÇLARI ÖZEL FONU,Borçlanma Araçları Şemsiye Fonu,"0,95","0,95",12.29,"3,65"
IMZ,İŞ PORTFÖY POYRAZ SERBEST (DÖVİZ) ÖZEL FON,Serbest Şemsiye Fonu,"0,4",0,12.19,
PBK,QİNVEST PORTFÖY BİRİNCİ KATILIM SERBEST(DÖVİZ) FON,Serbest Şemsiye Fonu,1,1,12.19,
TIE,İŞ PORTFÖY BIST 30 ENDEKSİ HİSSE SENEDİ FONU (HİSSE SENEDİ YOĞUN FON),Hisse Senedi Şemsiye Fonu,"1,9",0,12.14,"2,19"
KTR,KT PORTFÖY BİRİNCİ KATILIM SERBEST FON,Serbest Şemsiye Fonu,1,2,12.1,"3,65"
OSH,OSMANLI PORTFÖY MİNERVA SERBEST FON,Serbest Şemsiye Fonu,"1,4","1,4",12.09,0
ICD,ICBC TURKEY PORTFÖY BİRİNCİ DEĞİŞKEN FON,Değişken Şemsiye Fonu,"1,95","1,95",11.99,"3,65"
TI4,İŞ PORTFÖY BİRİNCİ DEĞIŞKEN FON,Değişken Şemsiye Fonu,2,0,11.96,"3,65"
OKT,OYAK PORTFÖY BİRİNCİ BORÇLANMA ARAÇLARI FONU,Borçlanma Araçları Şemsiye Fonu,"1,50015","1,50015",11.89,"3,65"
OSL,OSMANLI PORTFÖY KISA VADELİ BORÇLANMA ARAÇLARI FONU,Borçlanma Araçları Şemsiye Fonu,"0,64","0,64",11.83,"2,56"
GBL,AZİMUT PYŞ KISA VADELİ BORÇLANMA ARAÇLARI FONU,Borçlanma Araçları Şemsiye Fonu,"1,72","1,72",11.82,"2,19"
GAE,GARANTİ PORTFÖY BİST30 ENDEKSİ HİSSE SENEDİ FONU (HİSSE SENEDİ YOĞUN FON),Hisse Senedi Şemsiye Fonu,"2,051","2,051",11.76,"2,19"
TGA,GARANTİ PORTFÖY DÖRDÜNCÜ DEĞİŞKEN FON,Değişken Şemsiye Fonu,"1,5","1,5",11.71,"3,65"
FIL,FİBA PORTFÖY PARA PİYASASI FONU,Para Piyasası Şemsiye Fonu,"0,657","0,657",11.68,"1,65"
UPP,ÜNLÜ PORTFÖY PARA PİYASASI FONU,Para Piyasası Şemsiye Fonu,1,1,11.68,"1,65"
DGH,ATA PORTFÖY ÜÇÜNCÜ SERBEST FONU,Serbest Şemsiye Fonu,"0,95","0,95",11.67,
DBP,DENİZ PORTFÖY BİRİNCİ DEĞİŞKEN FON,Değişken Şemsiye Fonu,2,2,11.56,"3,65"
YSU,YAPI KREDİ PORTFÖY ÜÇÜNCÜ DEĞİŞKEN FON,Değişken Şemsiye Fonu,"1,4965","1,5",11.56,"3,65"
GYK,GEDİK PORTFÖY BORÇLANMA ARAÇLARI FONU,Borçlanma Araçları Şemsiye Fonu,"1,5","1,5",11.46,"3,65"
IPF,PERFORM PORTFÖY İKİNCİ SERBEST FON,Serbest Şemsiye Fonu,"1,5","1,5",11.43,
AKU,AK PORTFÖY BİST 30 ENDEKSİ HİSSE SENEDİ FONU (HİSSE SENEDİ YOĞUN FON),Hisse Senedi Şemsiye Fonu,2,2,11.38,"2,19"
SLF,FİBA PORTFÖY ŞEKERBANK PARA PİYASASI FONU,Para Piyasası Şemsiye Fonu,"1,022","1,022",11.33,"1,65"
IST,İSTANBUL PORTFÖY KISA VADELİ BORÇLANMA ARAÇLARI FONU,Borçlanma Araçları Şemsiye Fonu,"1,6","1,6",11.2,"2,56"
EIL,QİNVEST PORTFÖY PARA PİYASASI FONU,Para Piyasası Şemsiye Fonu,"0,79935","0,79935",11.17,"1,28"
EKF,QİNVEST PORTFÖY KİRA SERTİFİKASI KATILIM FONU,Katılım Şemsiye Fonu,"1,25195","1,25195",11.16,"3,65"
ANL,AK PORTFÖY ALTERNATİF BANK PARA PİYASASI FONU,Para Piyasası Şemsiye Fonu,"1,28","1,28",11.14,"1,6"
FIT,FİBA PORTFÖY BORÇLANMA ARAÇLARI FONU,Borçlanma Araçları Şemsiye Fonu,"1,19","1,19",11.09,"3,65"
OKP,OYAK PORTFÖY BİRİNCİ KISA VADELİ BORÇLANMA ARAÇLARI FONU,Borçlanma Araçları Şemsiye Fonu,"1,4","1,4",11.09,"2,56"
FSF,FİBA PORTFÖY KISA VADELİ SERBEST FON,Serbest Şemsiye Fonu,"0,73","0,73",11.07,0
VK6,ZİRAAT PORTFÖY VAKIFBANK PARA PİYASASI FONU,Para Piyasası Şemsiye Fonu,"1,095","1,095",11.05,"1,6243"
TZL,ZİRAAT PORTFÖY PARA PİYASASI FONU,Para Piyasası Şemsiye Fonu,"1,095","1,095",11,"1,6243"
HLL,ZİRAAT PORTFÖY HALKBANK PARA PİYASASI FONU,Para Piyasası Şemsiye Fonu,"1,095","1,095",10.94,"1,6243"
AAL,ATA PORTFÖY PARA PİYASASI FONU,Para Piyasası Şemsiye Fonu,1,1,10.9,"1,65"
DLY,DENİZ PORTFÖY PARA PİYASASI FONU,Para Piyasası Şemsiye Fonu,"1,2","1,2",10.84,"1,65"
HSL,HSBC PORTFÖY PARA PİYASASI FONU,Para Piyasası Şemsiye Fonu,"1,25","1,25",10.83,"1,65"
ECB,GLOBAL MD PORTFÖY PARA PİYASASI FONU,Para Piyasası Şemsiye Fonu,"1,1","1,1",10.81,"1,65"
HPO,HSBC PORTFÖY ÇOKLU VARLIK BİRİNCİ DEĞİŞKEN FON,Değişken Şemsiye Fonu,"1,533","1,533",10.81,"3,65"
IGL,TEB PORTFÖY ING BANK PARA PİYASASI FONU,Para Piyasası Şemsiye Fonu,"1,1","1,1",10.78,"1,65"
GTL,GARANTİ PORTFÖY BİRİNCİ PARA PİYASASI FONU,Para Piyasası Şemsiye Fonu,"1,4","1,4",10.74,"1,65"
YBS,YAPI KREDİ PORTFÖY ÖZEL SEKTÖR BORÇLANMA ARAÇLARI FONU,Borçlanma Araçları Şemsiye Fonu,"1,825","1,825",10.64,"3,65"
ICE,ICBC TURKEY PORTFOY PARA PİYASASI FONU,Para Piyasası Şemsiye Fonu,"1,3","1,3",10.63,"1,65"
TKM,TEB PORTFÖY PARA PİYASASI FONU,Para Piyasası Şemsiye Fonu,"1,3","1,3",10.63,"1,65"
GAL,GARANTİ PORTFÖY İKİNCİ PARA PİYASASI FONU,Para Piyasası Şemsiye Fonu,"1,4","1,4",10.62,"1,65"
YLB,YAPI KREDİ PORTFÖY PARA PİYASASI FONU,Para Piyasası Şemsiye Fonu,"1,48","1,48",10.59,"1,65"
AYR,AK PORTFÖY ÖZEL SEKTÖR BORÇLANMA ARAÇLARI FONU,Borçlanma Araçları Şemsiye Fonu,"2,5","2,5",10.55,"3,65"
FI5,QNB FINANS PORTFÖY PARA PIYASASI FONU,Para Piyasası Şemsiye Fonu,"1,3","1,3",10.47,"1,65"
ALE,AK PORTFÖY PARA PIYASASI FONU,Para Piyasası Şemsiye Fonu,"1,53","1,53",10.43,"1,6"
TBV,İŞ PORTFÖY ÖZEL SEKTÖR BORÇLANMA ARAÇLARI FONU,Borçlanma Araçları Şemsiye Fonu,"1,75",0,10.43,"3,65"
FPK,FİBA PORTFÖY KISA VADELİ BORÇLANMA ARAÇLARI FONU,Borçlanma Araçları Şemsiye Fonu,"2,1","2,1",10.3,"2,56"
OYL,OYAK PORTFÖY BİRİNCİ PARA PİYASASI FONU,Para Piyasası Şemsiye Fonu,"1,03","1,03",10.29,"1,65"
HKV,ZİRAAT PORTFÖY HALKBANK KISA VADELİ BORÇLANMA ARAÇLARI FONU,Borçlanma Araçları Şemsiye Fonu,"1,69","1,69",10.28,"2,5368"
KTT,KT PORTFÖY KÜRESEL KİRA SERTİFİKALARI (DÖVİZ) SERBEST FON,Serbest Şemsiye Fonu,1,1,10.24,"3,65"
GA1,GARANTİ PORTFÖY  BORÇLANMA ARAÇLARI FONU,Borçlanma Araçları Şemsiye Fonu,"1,","1,",10.2,"3,65"
TI1,İŞ PORTFÖY PARA PİYASASI FONU,Para Piyasası Şemsiye Fonu,"1,42","1,42",10.19,"1,65"
HOB,HSBC PORTFÖY ÖZEL SEKTÖR BORÇLANMA ARAÇLARI FONU,Borçlanma Araçları Şemsiye Fonu,"1,5","1,5",10.16,"3,65"
MPF,MÜKAFAT PORTFÖY KISA VADELİ KİRA SERTİFİKASI KATILIM FONU,Katılım Şemsiye Fonu,"1,1","1,1",10.14,"2,19"
RBK,ALBARAKA PORTFÖY KATILIM FONU,Katılım Şemsiye Fonu,"1,5","1,5",10.12,"3,65"
VKT,ZİRAAT PORTFÖY VAKIFBANK KISA VADELİ BORÇLANMA ARAÇLARI FONU,Borçlanma Araçları Şemsiye Fonu,"2,06","2,06",10.1,"2,5368"
SKT,FİBA PORTFÖY ŞEKERBANK KISA VADELİ BORÇLANMA ARAÇLARI FONU,Borçlanma Araçları Şemsiye Fonu,"2,0075","2,0075",10.06,"2,56"
DBZ,DENİZ PORTFÖY ÖZEL SEKTÖR BORÇLANMA ARAÇLARI FONU,Borçlanma Araçları Şemsiye Fonu,"1,5","1,5",10.05,"3,65"
KTU,KT PORTFÖY NEOVA KATILIM SERBEST ÖZEL FON,Serbest Şemsiye Fonu,"0,3","0,3",10.03,
YEF,YAPI KREDİ PORTFÖY BIST 30 ENDEKSİ HİSSE SENEDİ FONU (HİSSE SENEDİ YOĞUN FON),Hisse Senedi Şemsiye Fonu,"2,0075","2,",9.98,"2,19"
TZT,ZİRAAT PORTFÖY BORÇLANMA ARAÇLARI FONU,Borçlanma Araçları Şemsiye Fonu,"2,0002","2,0002",9.95,"3,65"
TOT,TEB PORTFÖY ÖZEL SEKTÖR BORÇLANMA ARAÇLARI FONU,Borçlanma Araçları Şemsiye Fonu,"1,75","1,75",9.89,"3,65"
ADE,AK PORTFÖY DEĞİŞKEN FON,Değişken Şemsiye Fonu,2,2,9.75,"3,65"
TZV,ZİRAAT PORTFÖY KISA VADELİ BORÇLANMA ARAÇLARI FONU,Borçlanma Araçları Şemsiye Fonu,"2,117","2,117",9.72,"2,5368"
KIS,QİNVEST PORTFÖY KİRA SERTİFİKASI KATILIM (DÖVİZ) FONU,Katılım Şemsiye Fonu,"1,25195","1,25195",9.62,"3,65"
AVT,AK PORTFÖY KISA VADELİ BORÇLANMA ARAÇLARI FONU,Borçlanma Araçları Şemsiye Fonu,"2,43","2,43",9.6,"2,51"
KTN,KT PORTFÖY KİRA SERTİFİKALARI KATILIM FONU,Katılım Şemsiye Fonu,2,2,9.53,"3,65"
ABU,AK PORTFÖY BİREBİR BANKACILIK DEĞİŞKEN ÖZEL FON,Değişken Şemsiye Fonu,2,2,9.43,"3,65"
IPG,İŞ PORTFÖY KAPİTAL SERBEST FON,Serbest Şemsiye Fonu,"0,2",0,9.43,
DBK,DENİZ PORTFÖY KISA VADELİ BORÇLANMA ARAÇLARI FONU,Borçlanma Araçları Şemsiye Fonu,2,2,9.42,"2,56"
IMT,İŞ PORTFÖY TOROS SERBEST (DÖVİZ) ÖZEL FON,Serbest Şemsiye Fonu,"0,4",0,9.42,
IBK,İŞ PORTFÖY MAXIMUM KART KISA VADELİ BORÇLANMA ARAÇLARI FONU,Borçlanma Araçları Şemsiye Fonu,"2,38",0,9.41,"2,56"
YOT,YAPI KREDİ PORTFÖY ORTA VADELİ BORÇLANMA ARAÇLARI FONU,Borçlanma Araçları Şemsiye Fonu,3,3,9.37,"3,65"
HPT,HSBC PORTFÖY KISA VADELİ BORÇLANMA ARAÇLARI FONU,Borçlanma Araçları Şemsiye Fonu,"2,4","2,4",9.34,"2,56"
GYL,GEDİK PORTFÖY KISA VADELİ BORÇLANMA ARAÇLARI FONU,Borçlanma Araçları Şemsiye Fonu,"2,3","2,3",9.33,"2,56"
HPV,ZİRAAT PORTFÖY HALKBANK KISA VADELİ KİRA SERTİFİKALARI KATILIM FONU,Katılım Şemsiye Fonu,"1,46","1,46",9.31,"2,5368"
ZPK,ZİRAAT PORTFÖY KISA VADELİ KİRA SERTİFİKALARI KATILIM FONU,Katılım Şemsiye Fonu,"1,46","1,46",9.3,"2,5368"
ECV,GLOBAL MD PORTFÖY KISA VADELİ BORÇLANMA ARAÇLARI FONU,Borçlanma Araçları Şemsiye Fonu,"1,9","1,9",9.22,"2,56"
YDK,YAPI KREDİ PORTFÖY ÇALIŞAN HESAP KISA VADELİ BORÇLANMA ARAÇLARI FONU,Borçlanma Araçları Şemsiye Fonu,"2,42","2,42",9.22,"2,56"
RBV,ALBARAKA PORTFÖY KISA VADELİ KİRA SERTİFİKALARI KATILIM FONU,Katılım Şemsiye Fonu,"1,5","1,5",9.19,"2,56"
AUT,ATA PORTFÖY KISA VADELİ BORÇLANMA ARAÇLARI FONU,Borçlanma Araçları Şemsiye Fonu,"1,25","1,25",9.14,"2,56"
DDF,DENİZ PORTFÖY DİNAMO SERBEST FON,Serbest Şemsiye Fonu,1,1,9.03,0
IPI,İŞ PORTFÖY BİRİKİM HESABI KISA VADELİ BORÇLANMA ARAÇLARI FONU,Borçlanma Araçları Şemsiye Fonu,"2,01",0,8.92,"2,56"
DPK,DENİZ PORTFÖY KİRA SERTİFİKALARI KATILIM FONU,Katılım Şemsiye Fonu,"1,1","1,1",8.87,"3,65"
KTV,KT PORTFÖY KISA VADELİ KİRA SERTİFİKALARI KATILIM FONU,Katılım Şemsiye Fonu,"1,5","1,5",8.87,"2,56"
TNK,TEB PORTFÖY KISA VADELİ BORÇLANMA ARAÇLARI FONU,Borçlanma Araçları Şemsiye Fonu,"2,4","2,4",8.78,"2,56"
TGT,GARANTİ PORTFÖY KISA VADELİ BORÇLANMA ARAÇLARI FONU,Borçlanma Araçları Şemsiye Fonu,"2,4","2,4",8.75,"2,56"
TSI,İŞ PORTFÖY MAKSİMUM HESAP KISA VADELI BORÇLANMA ARAÇLARI FONU,Borçlanma Araçları Şemsiye Fonu,"2,38",0,8.6,"2,56"
OTF,OYAK PORTFÖY KISA VADELİ KİRA SERTİFİKASI KATILIM FONU,Katılım Şemsiye Fonu,"1,86","1,86",8.6,"2,56"
YHT,YAPI KREDİ PORTFÖY KISA VADELİ BORÇLANMA ARAÇLARI FONU,Borçlanma Araçları Şemsiye Fonu,"2,42","2,42",8.53,"2,56"
KTS,KT PORTFÖY İKİNCİ KATILIM SERBEST FON,Serbest Şemsiye Fonu,"2,1","2,1",8.45,"3,65"
FDO,QNB FİNANS PORTFÖY SULTAN SERBEST(DÖVİZ) ÖZEL FON,Serbest Şemsiye Fonu,"0,4","0,4",8.4,0
ECT,GLOBAL MD PORTFÖY ORTA VADELİ BORÇLANMA ARAÇLARI FONU,Borçlanma Araçları Şemsiye Fonu,2,2,8.35,"3,65"
FYT,QNB FINANS PORTFÖY KISA VADELI BORÇLANMA ARAÇLARI FONU,Borçlanma Araçları Şemsiye Fonu,"2,3","2,3",8.34,"2,56"
MBL,MEKSA PORTFÖY İKİNCİ DEĞİŞKEN FON,Değişken Şemsiye Fonu,"2,993","2,993",8.24,"3,65"
TCB,TACİRLER PORTFÖY KISA VADELİ BORÇLANMA ARAÇLARI FONU,Borçlanma Araçları Şemsiye Fonu,"1,8","1,8",8.24,"2,19"
TIV,İŞ PORTFÖY KISA VADELI BORÇLANMA ARAÇLARI FONU,Borçlanma Araçları Şemsiye Fonu,"2,38",0,8.23,"2,56"
DZZ,DENİZ PORTFÖY ECEM SERBEST (DÖVİZ) ÖZEL FON,Serbest Şemsiye Fonu,"0,25","0,25",8.15,0
FYO,QNB FINANS PORTFÖY ÖZEL SEKTÖR BORÇLANMA ARAÇLARI FONU,Borçlanma Araçları Şemsiye Fonu,"1,5","1,5",8.12,"3,65"
HST,HSBC PORTFÖY ORTA VADELİ BORÇLANMA ARAÇLARI FONU,Borçlanma Araçları Şemsiye Fonu,"2,19","2,19",8.02,"3,65"
APT,AK PORTFÖY ORTA VADELI BORÇLANMA ARAÇLARI FONU,Borçlanma Araçları Şemsiye Fonu,"1,4","1,4",7.95,"3,65"
TBP,İŞ PORTFÖY PRIVIA BANKACILIK DEĞİŞKEN ÖZEL FON,Değişken Şemsiye Fonu,"2,01",0,7.93,"3,65"
TPF,TACİRLER PORTFÖY BORÇLANMA ARAÇLARI FONU,Borçlanma Araçları Şemsiye Fonu,"1,25","1,25",7.81,"3,65"
RBT,ALBARAKA PORTFÖY KİRA SERTİFİKALARI  KATILIM FONU,Katılım Şemsiye Fonu,"1,","1,",7.74,"3,65"
IAT,İŞ PORTFÖY KİRA SERTİFİKALARI KATILIM FONU,Katılım Şemsiye Fonu,"1,75",0,7.74,"3,65"
TBT,TEB PORTFÖY BORÇLANMA ARAÇLARI FONU,Borçlanma Araçları Şemsiye Fonu,"2,19","2,19",7.59,"3,65"
IYR,İŞ PORTFÖY HEDEF SERBEST FON,Serbest Şemsiye Fonu,1,0,7.29,
ARP,AK PORTFÖY ÖPY BİRİNCİ SERBEST ÖZEL FON,Serbest Şemsiye Fonu,"0,11","0,11",7.28,
YFV,YAPI KREDİ PORTFÖY KİRA SERTİFİKALARI KATILIM FONU,Katılım Şemsiye Fonu,"2,0075","2,01",7.08,"3,65"
ZBD,ZİRAAT PORTFÖY İKİNCİ DEĞİŞKEN FON,Değişken Şemsiye Fonu,"1,4","1,4",6.8,"3,65"
ZPG,ZİRAAT PORTFÖY KİRA SERTİFİKALARI (SUKUK) KATILIM FONU,Katılım Şemsiye Fonu,"1,50015","1,50015",6.63,"3,65"
FI3,QNB FINANS PORTFÖY BORÇLANMA ARAÇLARI FONU,Borçlanma Araçları Şemsiye Fonu,"1,7885","1,7885",6.37,"3,65"
TSP,AZİMUT PORTFÖY TESA SERBEST (DÖVİZ) ÖZEL FON,Serbest Şemsiye Fonu,"0,21","0,21",6.14,
TI6,İŞ PORTFÖY ORTA VADELİ BORÇLANMA ARAÇLARI FONU,Borçlanma Araçları Şemsiye Fonu,2,0,6.11,"3,65"
MAD,MEKSA PORTFÖY BİRİNCİ DEĞİŞKEN FON,Değişken Şemsiye Fonu,"2,993","2,993",6.03,"3,65"
USY,ÜNLÜ PORTFÖY MUTLAK GETİRİ HEDEFLİ SERBEST FON,Serbest Şemsiye Fonu,"1,5","1,5",5.72,0
DDC,DENİZ PORTFÖY DÖRDÜNCÜ SERBEST FON,Serbest Şemsiye Fonu,1,1,5.64,0
ARE,İSTANBUL PORTFÖY YABANCI (GELİŞMEKTE OLAN PİYASALAR) BORÇLANMA ARAÇLARI FONU,Borçlanma Araçları Şemsiye Fonu,"2,5","2,5",5.58,"3,65"
DZT,DENİZ PORTFÖY UZUN VADELİ BORÇLANMA ARAÇLARI FONU,Borçlanma Araçları Şemsiye Fonu,2,2,5.28,"3,65"
AK2,AK PORTFÖY UZUN VADELİ BORÇLANMA ARAÇLARI FONU,Borçlanma Araçları Şemsiye Fonu,2,2,5.26,"3,65"
HTT,HSBC PORTFÖY UZUN VADELİ BORÇLANMA ARAÇLARI FONU,Borçlanma Araçları Şemsiye Fonu,"2,19","2,19",5.13,"3,65"
AIH,AK PORTFÖY RTH SERBEST ÖZEL FON,Serbest Şemsiye Fonu,"0,24","0,24",5.06,
AIS,AK PORTFÖY KİRA SERTİFİKALARI KATILIM FONU,Katılım Şemsiye Fonu,"2,1","2,1",5.05,"3,65"
IMO,İŞ PORTFÖY ODAK SERBEST ÖZEL FON,Serbest Şemsiye Fonu,"0,12",0,4.82,
DBB,DENİZ PORTFÖY ORTA VADELİ BORÇLANMA ARAÇLARI FONU,Borçlanma Araçları Şemsiye Fonu,2,2,4.79,"3,65"
GPF,GARANTİ PORTFÖY BİRİNCİ KATILIM FONU,Katılım Şemsiye Fonu,"1,83","1,83",4.77,"3,65"
FYF,STRATEJİ PORTFÖY MUTLAK GETİRİ HEDEFLİ HİSSE SENEDİ SERBEST FON(HİSSE SENEDİ YOĞUN),Serbest Şemsiye Fonu,"1,53","1,53",4.58,0
PPF,AZİMUT PORTFÖY AKÇE SERBEST FON,Serbest Şemsiye Fonu,"0,2625","0,2625",0.18,
PAL,AK PORTFÖY ALTINCI SERBEST(DÖVİZ) FON,Serbest Şemsiye Fonu,1,1,0,
GUM,AK PORTFÖY GÜMÜŞ FON SEPETI FONU,Fon Sepeti Şemsiye Fonu,"2,9","2,9",0,
HVV,AK PORTFÖY HERAKLES SERBEST (DÖVİZ) ÖZEL FON,Serbest Şemsiye Fonu,",11","0,11",0,
HYY,AK PORTFÖY HERAKLES SERBEST ÖZEL FON,Serbest Şemsiye Fonu,"0,11","0,11",0,
PAI,AK PORTFÖY ING BANK ÖZEL BANKACILIK VE PLATINUM DEĞİŞKEN ÖZEL FON,Değişken Şemsiye Fonu,"2,5","2,5",0,"3,65"
GGC,AK PORTFÖY KIYI SERBEST ÖZEL FON,Serbest Şemsiye Fonu,"0,45","0,45",0,
PAP,AK PORTFÖY MİSTRAL SERBEST(DÖVİZ) ÖZEL FON,Serbest Şemsiye Fonu,",25",",25",0,
OPZ,AK PORTFÖY ÖPY ALTINCI SERBEST ÖZEL FON,Serbest Şemsiye Fonu,2,2,0,
AZZ,AK PORTFÖY ÖPY MUTLAK GETİRİ HEDEFLİ SERBEST (DÖVİZ) ÖZEL FON,Serbest Şemsiye Fonu,"0,5","0,5",0,
PUV,AK PORTFÖY PRUVA SERBEST (DÖVİZ) ÖZEL FON,Serbest Şemsiye Fonu,"0,11","0,11",0,
ICZ,AK PORTFÖY TEKNOLOJİ ŞİRKETLERİ HİSSE SENEDİ FONU (HİSSE SENEDİ YOĞUN FON),Hisse Senedi Şemsiye Fonu,"2,9","2,9",0,
BGP,AK PORTFÖY ÜÇÜNCÜ PARA PİYASASI FONU,Para Piyasası Şemsiye Fonu,"1,5","1,5",0,"1,65"
PVK,ALBARAKA PORTFÖY KISA VADELİ KATILIM SERBEST FON,Serbest Şemsiye Fonu,"1,46","1,46",0,"2,56"
YCL,ATA PORTFÖY BEŞİNCİ SERBEST FON,Serbest Şemsiye Fonu,"0,5","0,5",0,
ZVB,ATLAS PORTFÖY İKİNCİ SERBEST FON,Serbest Şemsiye Fonu,"0,4","0,4",0,0
PBS,AZİMUT PORTFÖY BOĞAZİÇİ SERBEST (DÖVİZ) FON,Serbest Şemsiye Fonu,"0,525","0,525",0,
HYP,AZİMUT PORTFÖY İVME SERBEST FON,Serbest Şemsiye Fonu,"1,575","1,575",0,
KFK,AZİMUT PORTFÖY KAAN SERBEST ÖZEL FON,Serbest Şemsiye Fonu,"0,2625","0,2625",0,
PPZ,AZİMUT PORTFÖY PARA PİYASASI FONU,Para Piyasası Şemsiye Fonu,"0,2625","0,2625",0,"1,65"
PSS,AZİMUT PORTFÖY SARAY SERBEST FON,Serbest Şemsiye Fonu,"1,575","1,575",0,
TTN,AZİMUT PORTFÖY TESA SERBEST ÖZEL FON,Serbest Şemsiye Fonu,"0,2205","0,2205",0,
PYF,AZİMUT PORTFÖY YONCA SERBEST ÖZEL FON,Serbest Şemsiye Fonu,"0,6825","0,6825",0,
PYH,AZİMUT PORTFÖY 10.0 SERBEST FON,Serbest Şemsiye Fonu,"0,21","0,21",0,
PYL,AZİMUT PORTFÖY 11.0 SERBEST FON,Serbest Şemsiye Fonu,"1,575","1,575",0,
HMT,AZİMUT PORTFÖY 12.0 SERBEST FON,Serbest Şemsiye Fonu,"1,575","1,575",0,
PSL,AZİMUT PORTFÖY 8.0 SERBEST FON,Serbest Şemsiye Fonu,"1,575","1,575",0,
DPU,DENİZ PORFÖY TUAL SERBEST (DÖVİZ) ÖZEL FON,Serbest Şemsiye Fonu,"0,5","0,5",0,0
DPI,DENİZ PORTFÖY İSTATİSTİKSEL ARBİTRAJ SERBEST FON,Serbest Şemsiye Fonu,"2,75","2,75",0,0
FBZ,FİBA PORTFÖY ROTA SERBEST FON,Serbest Şemsiye Fonu,"0,62","0,62",0,0
FBN,FİBA PORTFÖY SAFİR SERBEST FON,Serbest Şemsiye Fonu,"1,95","1,95",0,0
FZP,FİBA PORTFÖY SERBEST FON,Serbest Şemsiye Fonu,"0,64","0,64",0,0
FFD,FİBA PORTFÖY ÜÇÜNCÜ PARA PİYASASI FONU,Para Piyasası Şemsiye Fonu,"1,5","1,5",0,"1,65"
GPP,GARANTI PORTFÖY 2023 SERBEST(DÖVİZ- ABD DOLARI) FON,Serbest Şemsiye Fonu,1,1,0,0
GFF,GARANTI PORTFÖY 2023 SERBEST(DÖVİZ-AVRO) FON,Serbest Şemsiye Fonu,"0,5","0,5",0,0
GGP,GARANTİ PORTFÖY ALTINCI SERBEST (DÖVİZ) ÖZEL FON,Serbest Şemsiye Fonu,"0,3","0,3",0,0
GGB,GARANTİ PORTFÖY ARK SERBEST (DÖVİZ) ÖZEL FON,Serbest Şemsiye Fonu,"0,6","0,6",0,0
GGN,GARANTİ PORTFÖY AYDOĞAN SERBEST(DÖVİZ) ÖZEL FON,Serbest Şemsiye Fonu,"0,3","0,3",0,0
GZV,GARANTİ PORTFÖY ESG SÜRDÜRÜLEBİLİRLİK FON SEPETİ FONU,Fon Sepeti Şemsiye Fonu,2,2,0,
GGM,GARANTİ PORTFÖY GMS SERBEST ÖZEL FON,Serbest Şemsiye Fonu,"0,15","0,15",0,0
GSS,GARANTİ PORTFÖY INN SERBEST (DÖVİZ) ÖZEL FON,Serbest Şemsiye Fonu,"0,3","0,3",0,0
GTZ,GARANTİ PORTFÖY KIYMETLİ MADENLER FON SEPETİ FONU,Fon Sepeti Şemsiye Fonu,"1,8","1,8",0,"4,38"
GKK,GARANTİ PORTFÖY KTT SERBEST (DÖVİZ) ÖZEL FON,Serbest Şemsiye Fonu,"0,3","0,3",0,0
GFL,GARANTİ PORTFÖY MİA SERBEST ÖZEL FON,Serbest Şemsiye Fonu,"0,3","0,3",0,
GFY,GARANTİ PORTFÖY OL SERBEST (DÖVİZ) ÖZEL FON,Serbest Şemsiye Fonu,"0,25","0,25",0,0
GGZ,GARANTİ PORTFÖY ONBİRİNCİ SERBEST FON,Serbest Şemsiye Fonu,"1,","1,",0,0
GGR,GARANTİ PORTFÖY ONİKİNCİ SERBEST(DÖVİZ) FON,Serbest Şemsiye Fonu,"1,","1,",0,0
GDL,GARANTİ PORTFÖY ONUNCU SERBEST ÖZEL FON,Serbest Şemsiye Fonu,"0,2","0,2",0,0
GZD,GARANTİ PORTFÖY ONÜCÜNCÜ SERBEST (DÖVİZ) ÖZEL FON,Serbest Şemsiye Fonu,"0,3","0,3",0,0
OPP,GARANTİ PORTFÖY ÖPY SERBEST (DÖVİZ) ÖZEL FON,Serbest Şemsiye Fonu,"0,2","0,2",0,0
GZR,GARANTİ PORTFÖY SÜRDÜRÜLEBİLİRLİK HİSSE SENEDİ FONU (HİSSE SENEDİ YOĞUN FON),Hisse Senedi Şemsiye Fonu,"2,2","2,2",0,
GZH,GARANTİ PORTFÖY TEMİZ ENERJİ KARMA FON,Karma Şemsiye Fonu,2,2,0,
GTY,GARANTİ PORTFÖY TREND SERBEST FON,Serbest Şemsiye Fonu,2,2,0,
GKL,GARANTİ PORTFÖY YF HİSSE SENEDİ SERBEST ÖZEL FON (HİSSE SENEDİ YOĞUN FON),Serbest Şemsiye Fonu,"0,15","0,15",0,0
GGV,GARANTİ PORTFÖY 2021 SERBEST (DÖVİZ-ABD DOLARI) FON,Serbest Şemsiye Fonu,"1,","1,",0,0
HAG,GARANTİ PORTFÖY 2022 SERBEST (DÖVİZ-ABD DOLARI) FON,Serbest Şemsiye Fonu,"1,","1,",0,0
HFF,GARANTİ PORTFÖY 2024 SERBEST (DÖVİZ-ABD DOLARI) FON,Serbest Şemsiye Fonu,"1,","1,",0,0
HNN,GARANTİ PORTFÖY 2025 SERBEST(DÖVİZ ABD DOLARI) FON,Serbest Şemsiye Fonu,"1,","1,",0,0
GGK,GEDİK PORTFÖY  ALTIN FON,Kıymetli Madenler Şemsiye Fonu,"0,9","0,9",0,"2,19"
GEI,GEDİK PORTFÖY EVEREST SERBEST FON,Serbest Şemsiye Fonu,2,2,0,0
GMZ,GEDİK PORTFÖY MZ SERBEST ÖZEL FON,Serbest Şemsiye Fonu,"0,6","0,6",0,0
HMG,HSBC PYŞ MUTLAK GETİRİ HEDEFLİ HİSSE SENEDİ SERBEST FON(HİSSE SENEDİ YOĞUN FON),Serbest Şemsiye Fonu,"2,5","2,5",0,
ICV,ICBC TURKEY PORTFÖY BİRİNCİ SERBEST FON,Serbest Şemsiye Fonu,"0,75","0,75",0,
IZS,İSTANBUL PORTFÖY ALTINCI SERBEST FON,Serbest Şemsiye Fonu,3,3,0,
IIH,İSTANBUL PORTFÖY ÜÇÜNCÜ HİSSE SENEDİ FONU (HİSSE SENEDİ YOĞUN FON),Hisse Senedi Şemsiye Fonu,"2,5","2,5",0,"3,65"
IMF,İSTANBUL POTFÖY MAESTRO SERBEST FON,Serbest Şemsiye Fonu,"2,5","2,5",0,
CTP,İŞ PORTFÖY AAF SERBEST (DÖVİZ) ÖZEL FON,Serbest Şemsiye Fonu,0,"0,4",0,
IMM,İŞ PORTFÖY ASİST SERBEST ÖZEL FON,Serbest Şemsiye Fonu,0,"0,3",0,
CTF,İŞ PORTFÖY ASSG SERBEST ÖZEL FON,Serbest Şemsiye Fonu,0,"0,1",0,
IDH,İŞ PORTFÖY BIST 100 DIŞI ŞİRKETLER HİSSE SENEDİ FONU (HİSSE SENEDİ YOĞUN FON),Hisse Senedi Şemsiye Fonu,0,"3,36",0,"3,65"
KPK,İŞ PORTFÖY DURUSU SERBEST ÖZEL FON,Serbest Şemsiye Fonu,"0,375",0,0,
EMS,İŞ PORTFÖY EMSA SERBEST ÖZEL FON,Serbest Şemsiye Fonu,0,"0,4",0,
NBF,İŞ PORTFÖY ESEN SERBEST ÖZEL FON,Serbest Şemsiye Fonu,0,"0,1",0,
CTG,İŞ PORTFÖY FEFON SERBEST  ÖZEL FON,Serbest Şemsiye Fonu,0,"0,1",0,
IOG,İŞ PORTFÖY GÜMÜŞ SERBEST FON,Serbest Şemsiye Fonu,0,"1,9",0,
CTM,İŞ PORTFÖY KEFON SERBEST ÖZEL FON,Serbest Şemsiye Fonu,0,"0,1",0,
IMV,İŞ PORTFÖY MAVİ SERBEST (DÖVİZ) ÖZEL FON,Serbest Şemsiye Fonu,0,"0,2",0,
CTV,İŞ PORTFÖY MHA SERBEST ÖZEL FON,Serbest Şemsiye Fonu,0,"0,1",0,
FBV,İŞ PORTFÖY MODEL SERBEST FON,Serbest Şemsiye Fonu,0,"1,2",0,
KKH,İŞ PORTFÖY MUTLAK GETİRİ HEDEFLİ DEĞİŞKEN FON,Değişken Şemsiye Fonu,1,0,0,"3,65"
IOP,İŞ PORTFÖY ODEABANK PARA PİYASASI FONU,Para Piyasası Şemsiye Fonu,0,"0,9",0,"1,65"
ITP,İŞ PORTFÖY TEKNOLOJİ KARMA FON,Karma Şemsiye Fonu,0,"2,5",0,
KPB,KARE PORTFÖY ÖPY BİRİNCİ SERBEST ÖZEL FON,Serbest Şemsiye Fonu,"0,3504","0,3504",0,0
KPC,KT PORTFÖY KATILIM HİSSE SENEDİ FONU (HİSSE SENEDİ YOĞUN FON),Hisse Senedi Şemsiye Fonu,"2,4","2,4",0,"3,65"
ZAY,KT PORTFÖY SEPET HESAP KISA VADELİ KİRA SERTİFİKALARI KATILIM FONU,Katılım Şemsiye Fonu,"1,5","1,5",0,"2,56"
MSH,MAQASİD PORTFÖY İKİNCİ  KATILIM SERBEST FON,Serbest Şemsiye Fonu,0,2,0,
MMA,MAQASİD PYŞ ALTIN KATILIM FONU,Kıymetli Madenler Şemsiye Fonu,0,"1,75",0,
MSB,MAQASİD PYŞ BİRİNCİ KATILIM SERBEST(DÖVİZ)FON,Serbest Şemsiye Fonu,0,2,0,
MVK,MAQASİD PYŞ KISA VADELİ KATILIM SERBEST FON,Serbest Şemsiye Fonu,0,"1,5",0,
ONN,MÜKAFAT PORTFÖY AKTİF ONİKS SERBEST FON,Serbest Şemsiye Fonu,"1,25","1,25",0,0
MKH,MÜKAFAT PORTFÖY AKTİF SERBEST (DÖVİZ) FON,Serbest Şemsiye Fonu,1,1,0,0
MKG,MÜKAFAT PORTFÖY ALTIN KATILIM FONU,Katılım Şemsiye Fonu,1,1,0,"2,19"
MMH,MÜKAFAT PORTFÖY BIST 30 ENDEKSİ HİSSE SENEDİ FONU (HİSSE SENEDİ YOĞUN FON),Hisse Senedi Şemsiye Fonu,"0,95","0,95",0,"2,19"
ESG,MÜKAFAT PORTFÖY ESG SÜRDÜRÜLEBİLİRLİK SERBEST FON,Serbest Şemsiye Fonu,2,2,0,0
IDL,MÜKAFAT PORTFÖY PARA PİYASASI FONU,Para Piyasası Şemsiye Fonu,"1,1","1,1",0,"1,65"
NSK,NEO PORTFÖY BİRİNCİ SERBEST FON,Serbest Şemsiye Fonu,"1,5",0,0,
OPL,OSMANLI PORTFÖY İKİNCİ DEĞİŞKEN FON,Değişken Şemsiye Fonu,"1,4","1,4",0,
OGD,OYAK PORTFÖY ALTIN KATILIM FONU,Katılım Şemsiye Fonu,"1,752","1,752",0,"2,19"
OFB,OYAK PORTFÖY BEŞİNCİ SERBEST FON,Serbest Şemsiye Fonu,"0,5","0,5",0,
OFS,OYAK PORTFÖY BİRİNCİ FON SEPETİ FONU,Fon Sepeti Şemsiye Fonu,"0,5","0,5",0,
ODD,OYAK PORTFÖY DÖRDÜNCÜ SERBEST FON,Serbest Şemsiye Fonu,"0,4","0,4",0,
OYS,OYAK PORTFÖY ÜÇÜNCÜ SERBEST FON,Serbest Şemsiye Fonu,"0,6","0,6",0,
KSD,QİNVEST PORTFÖY BİRİNCİ KATILIM SERBEST FON,Serbest Şemsiye Fonu,1,1,0,
PDF,QİNVEST PORTFÖY BİRİNCİ SERBEST (DÖVİZ) FON,Serbest Şemsiye Fonu,1,1,0,
PDD,QİNVEST PORTFÖY KATILIM FONU,Katılım Şemsiye Fonu,"2,088","2,088",0,
FFH,QNB FİNANS PORTFÖY ÇOKLU VARLIK KATILIM FONU,Katılım Şemsiye Fonu,"1,95","1,95",0,
FFP,QNB FİNANS PORTFÖY FON SEPETİ FONU,Fon Sepeti Şemsiye Fonu,1,1,0,
FSK,QNB FİNANS PORTFÖY KISA VADELİ SERBEST FON,Serbest Şemsiye Fonu,"1,3","1,3",0,0
OOP,QNB FİNANS PORTFÖY OPAL SERBEST (DÖVİZ) ÖZEL FON,Serbest Şemsiye Fonu,"1,","1,",0,0
FUR,QNB FİNANS PORTFÖY ŞEDELE SERBEST (DÖVİZ) ÖZEL FON,Serbest Şemsiye Fonu,"0,005","0,005",0,0
NPP,QNB FİNANS PORTFÖY ÜÇÜNCÜ SERBEST (DÖVİZ) FON,Serbest Şemsiye Fonu,1,1,0,0
TZP,TACİRLER PORTFÖY İSTATİSTİKSEL ARBİTRAJ SERBEST ÖZEL FON,Serbest Şemsiye Fonu,3,3,0,
TTL,TACİRLER PORTFÖY KARTOPU SERBEST FON,Serbest Şemsiye Fonu,2,2,0,0
TTV,TACİRLER PORTFÖY VEGA SERBEST FON,Serbest Şemsiye Fonu,"2,5","2,5",0,0
TRR,TEB PORTFÖY BEŞİNCİ SERBEST FON,Serbest Şemsiye Fonu,"0,25","0,25",0,
YZH,TEB PORTFÖY BIST BANKA ENDEKSİ HİSSE SENEDİ FONU (HİSSE SENEDİ YOĞUN),Hisse Senedi Şemsiye Fonu,2,0,0,
TE4,TEB PORTFÖY BİRİNCİ DEĞİŞKEN FON,Değişken Şemsiye Fonu,"2,5",0,0,
TTS,TEB PORTFÖY DÖRDÜNCÜ SERBEST (DÖVİZ) FON,Serbest Şemsiye Fonu,"0,25","0,25",0,
TVD,TEB PORTFÖY KYF SERBEST (DÖVİZ) ÖZEL FON,Serbest Şemsiye Fonu,0,"0,3",0,
TMR,TEB PORTFÖY MAKRO SERBEST FON,Serbest Şemsiye Fonu,"1,75","1,75",0,
TMO,TEB PORTFÖY TEB GRUBU DEĞİŞKEN ÖZEL FON,Değişken Şemsiye Fonu,"0,1","0,1",0,"3,65"
TTP,TEB PORTFÖY ÜÇÜNCÜ SERBEST (DÖVİZ) FON,Serbest Şemsiye Fonu,"0,95","0,95",0,
UAP,ÜNLÜ PORTFÖY ALTINCI SERBEST (DÖVİZ) ÖZEL FON,Serbest Şemsiye Fonu,"0,55","0,55",0,"3,65"
GGL,ÜNLÜ PORTFÖY YEDİNCİ SERBEST ÖZEL FON,Serbest Şemsiye Fonu,"0,6","0,6",0,"3,65"
YCK,YAPI KREDİ PORTFÖY CİHANGİR SERBEST FON,Serbest Şemsiye Fonu,"2,5","2,5",0,
YZG,YAPI KREDİ PORTFÖY GÜMÜŞ FON SEPETİ FONU,Fon Sepeti Şemsiye Fonu,"2,01","2,01",0,
YOP,YAPI KREDİ PORTFÖY ODEABANK İKİNCİ SERBEST ÖZEL FON,Serbest Şemsiye Fonu,1,2,0,
YZF,YAPI KREDİ PORTFÖY PY ERENKÖY  SERBEST (DÖVIZ) ÖZEL FON,Serbest Şemsiye Fonu,"0,2","0,2",0,
YPV,YAPI KREDİ PORTFÖY ÜÇÜNCÜ FON SEPETİ FONU,Fon Sepeti Şemsiye Fonu,3,3,0,"4,38"
ZDD,ZİRAAT PORTFÖY BİRİNCİ DEĞİŞKEN FON,Değişken Şemsiye Fonu,"1,4","1,4",0,"3,65"
HPC,ZİRAAT PORTFÖY HEDEF SERBEST ÖZEL FON,Serbest Şemsiye Fonu,"0,25","0,25",0,365000000
VFK,ZİRAAT PORTFÖY İKİNCİ KISA VADELİ KİRA SERTİFİKALARI KATILIM FONU,Katılım Şemsiye Fonu,"1,46","1,46",0,"2,555"
ZSF,ZİRAAT PORTFÖY S&P/OIC COMCEC (İSEDAK) 50 SHARİAH ENDEKSİ YABANCI HİSSE SENEDİ FONU,Hisse Senedi Şemsiye Fonu,2,2,0,
TZH,ZİRAAT PORTFÖY TZH SERBEST ÖZEL FON,Serbest Şemsiye Fonu,"0,2","0,2",0,3650000000
ZDZ,ZİRAAT PORTFÖY ÜÇÜNCÜ DEĞİŞKEN FON,Değişken Şemsiye Fonu,"1,4","1,4",0,"3,65"
TMC,İŞ PORTFÖY TEMA  DEĞİŞKEN FON,Değişken Şemsiye Fonu,2,0,-0.42,"3,65"
GKF,GLOBAL MD PORTFÖY KATILIM FONU,Katılım Şemsiye Fonu,"1,9","1,9",-3.21,"3,65"
IBE,İSTANBUL PORTFÖY BEŞİNCİ SERBEST FON,Serbest Şemsiye Fonu,"1,2","1,2",-8.44,
ATJ,AZİMUT PORTFÖY ÇINAR SERBEST ÖZEL FON,Serbest Şemsiye Fonu,"0,252","0,252",-11.82,
ADP,AK PORTFÖY BİST BANKA ENDEKSİ HİSSE SENEDİ FONU (HİSSE SENEDİ YOĞUN FON),Hisse Senedi Şemsiye Fonu,2,2,-15.06,"2,19"
TAU,İŞ PORTFÖY BİST BANKA ENDEKSİ HİSSE SENEDİ FONU (HİSSE SENEDİ YOĞUN FON),Hisse Senedi Şemsiye Fonu,"1,9",0,-15.71,"2,19"
AES,AK PORTFÖY PETROL YABANCI BYF FON SEPETİ FONU,Fon Sepeti Şemsiye Fonu,"2,9","2,9",-20.22,"4,38"
SRY,AZİMUT PORTFÖY SKY SERBEST (DÖVİZ) ÖZEL FON,Serbest Şemsiye Fonu,"0,2415","0,2415",-22.56,
ELZ,QİNVEST PORTFÖY KATILIM HİSSE SENEDİ FONU (HİSSE SENEDİ YOĞUN FON),Hisse Senedi Şemsiye Fonu,3,3,-31.24,"3,65"
KTE,KT PORTFÖY CEYLAN KİRA SERTİFİKALARI KATILIM SERBEST(DÖVİZ) ÖZEL FON,Serbest Şemsiye Fonu,"0,2","0,2",-38.49,
PLS,DENİZ PORTFÖY LARA SERBEST (DÖVİZ) ÖZEL FON,Serbest Şemsiye Fonu,"0,75","0,75",-63.11,0
PPD,PERFORM PORTFÖY HİSSE SENEDİ SERBEST FON (HİSSE SENEDİ YOĞUN FON),Serbest Şemsiye Fonu,"1,25","1,25",-80.84,
DAZ,DENİZ PORTFÖY TÜRKIZ SERBEST(DÖVİZ) ÖZEL FON,Serbest Şemsiye Fonu,"0,75","0,75",-85.78,0
